,Training time (mean),Training time (std),Test accuracy (mean),Test accuracy (std),Test F1-score (mean),Test F1-score (std)
Baseline CNN,33.7578,0.0,0.9285714285714286,0.0,0.9545454545454545,0.0
VGG16 Transfer Learning,34.1462,0.0,0.8571428571428571,0.0,0.9,0.0
Logistic Regression,2.68078,0.019573594457840418,0.7857142857142857,0.0,0.85,1.1102230246251565e-16
Decision Tree,0.02984,0.0005748043145279971,0.7571428571428571,0.01428571428571428,0.8190101032206295,0.012143555985404257
Random Forest,0.08449999999999999,0.0002756809750418063,0.7571428571428571,0.026726124191242425,0.8278509594812548,0.02240460830245391
